{
     
	"name": "Mr. M. A. Khayum & Mrs. Karimunissa Begum",
	"children": [
	    {
		    "id" : "1.1",
			"name": "Mr.Nizamuddin Ahmed & Mumanima",
			"children": [{
					"name": "Team Lead",
					"children": []
				},
				{
					"name": "Team Lead",
					"children": []
				}
			]
		},
		{
		    "id" : "1.2",
			"name": "Khalama & Raza Hussain",
			"children": []
		},
		{
		    "id" : "1.3",
			"name": "Fareeduddin Ahmed and Mrs. Mumanijan",
			"children": []
		},
		{
		    "id" : "1.4",
			"name": "Fakhrunissa Begum",
			"children": []
		},
		{
		    "id" : "1.5",
			"name": "Quaderunissa Begum & Mr. M.A.Khader Siddiqui",
			"children": []
		},
		{
		    "id" : "1.6",
			"name": "Naseeruddin Ahmed & Mrs. Shahinsha Begum",
			"children": []
		},
		{
		     "id" : "1.7",
			"name": "Mumtaz Begum & Mr. Mumtaz Ali",
			"children": []
		},
		{
		     "id" : "1.8",
			"name": "Habeebuddin Ahmed",
			"children": []
		}
		
	]
}