{
   "husband":"Khayum Family",
   "title":"",
   "photo":"images/icon-person.png",
   "children":[
      {
         "husband":"Mr. M. A. Khayum",
         "wife":"Mrs. Karimunissa Begum",
         "photo":"images/icon-person.png",
         "children": [{"husband": "Mr. Nizamuddin Ahmed", "wife": "Mumanima", "photo": "images/icon-person.png", "children": [{"husband": "Late Rafeeq Ahmed", "wife": "", "photo": "images/icon-person.png", "children": [] },{"husband": "Sabhia Begum", "wife": "Waheed Siddiqui", "photo": "images/icon-person.png", "children": [{"husband": "Amir", "wife": "", "photo": "images/icon-person.png", "children": [] },{"husband": "Athar", "wife": "", "photo": "images/icon-person.png", "children": [] }] },{"husband": "Laeeq Ahmed", "wife": "Asma", "photo": "images/icon-person.png", "children": [{"husband": "Yasmin &", "wife": "", "photo": "images/icon-person.png", "children": [] }] },{"husband": "Towfeeq Ahmed", "wife": "Chanda", "photo": "images/icon-person.png", "children": [] }] }, {"husband": "Khalama", "wife": "Raza Hussain", "photo": "images/icon-person.png", "children": [{"husband": "Mrs. Razia Begum", "wife": "Mr. M.A. Qadir", "photo": "images/icon-person.png", "children": [{"husband": "Mrs. Tayabba", "wife": "Mr. Akhtar", "photo": "images/icon-person.png", "children": [] },{"husband": "Mrs. Surraiya &", "wife": "", "photo": "images/icon-person.png", "children": [] },{"husband": "Mrs. Fowzia &", "wife": "", "photo": "images/icon-person.png", "children": [] },{"husband": "Mrs.", "wife": "", "photo": "images/icon-person.png", "children": [] },{"husband": "Mr. Moinuddin", "wife": "", "photo": "images/icon-person.png", "children": [] }] },{"husband": "Mr.  Akhtar Raza", "wife": "Mrs. Athar", "photo": "images/icon-person.png", "children": [{"husband": "Mr. Hashim Raza", "wife": "", "photo": "images/icon-person.png", "children": [] },{"husband": "Mr. Asim Raza", "wife": "", "photo": "images/icon-person.png", "children": [] },{"husband": "Mrs. Fareesa", "wife": "", "photo": "images/icon-person.png", "children": [] }] },{"husband": "Mrs. Atiya Begum", "wife": "Mr. Ikramuddin", "photo": "images/icon-person.png", "children": [{"husband": "Mr. Shoukat", "wife": "", "photo": "images/icon-person.png", "children": [] },{"husband": "Mr. Saadath", "wife": "", "photo": "images/icon-person.png", "children": [] },{"husband": "Mrs. Nazaa", "wife": "", "photo": "images/icon-person.png", "children": [] },{"husband": "Mrs. Husna", "wife": "", "photo": "images/icon-person.png", "children": [] },{"husband": "Mr. Shujath", "wife": "", "photo": "images/icon-person.png", "children": [] }] },{"husband": "Mr.  Hashmath  Raza", "wife": "", "photo": "images/icon-person.png", "children": [] }] }, {"husband": "Mr. Fareeduddin Ahmed", "wife": "Mrs. Mumanijan", "photo": "images/icon-person.png", "children": [{"husband": "Mr. Fahim Ahmed", "wife": "", "photo": "images/icon-person.png", "children": [] },{"husband": "Mr.", "wife": "", "photo": "images/icon-person.png", "children": [] },{"husband": "Mrs.", "wife": "", "photo": "images/icon-person.png", "children": [] }] }, {"husband": "Mrs.  Fakhrunissa Begum", "wife": "", "photo": "images/icon-person.png", "children": [{"husband": "Mr. Fakhruddin Ahmed", "wife": "", "photo": "images/icon-person.png", "children": [{"husband": "Mrs. Seema Siddiqui", "wife": "Danish", "photo": "images/icon-person.png", "children": [{"husband": "Dara", "wife": "", "photo": "images/icon-person.png", "children": [] },{"husband": "XXXXX", "wife": "", "photo": "images/icon-person.png", "children": [] }] }] }] }, {"husband": "Mrs. Quaderunissa Begum", "wife": "Mr. M.A. Khader  Siddiqui", "photo": "images/icon-person.png", "children": [{"husband": "Mr. M.A. Quadeer Siddiqui", "wife": "", "photo": "images/icon-person.png", "children": [{"husband": "Mrs. Norain Siddiqui", "wife": "Mr. Monte", "photo": "images/icon-person.png", "children": [] },{"husband": "Mr. Umair Siddiqui", "wife": "Mrs. XXXXX", "photo": "images/icon-person.png", "children": [] }] },{"husband": "Mr. M. A. Hameed Siddiqui", "wife": "", "photo": "images/icon-person.png", "children": [{"husband": "Mr. Ibrahim Siddiqui", "wife": "", "photo": "images/icon-person.png", "children": [] },{"husband": "Mrs. Nuzhath Siddiqui", "wife": "Michael Gazori", "photo": "images/icon-person.png", "children": [{"husband": "Ilyas Gazori", "wife": "", "photo": "images/icon-person.png", "children": [] },{"husband": "Sofia Gazori", "wife": "", "photo": "images/icon-person.png", "children": [] }] },{"husband": "Mrs. Zehra Siddiqui", "wife": "Mr. Azeem Bhatti", "photo": "images/icon-person.png", "children": [{"husband": "Yusuf Azeem", "wife": "", "photo": "images/icon-person.png", "children": [] }] }] },{"husband": "Mr. M.A. Baseer Siddiqui", "wife": "", "photo": "images/icon-person.png", "children": [{"husband": "Ishad Siddiqui", "wife": "", "photo": "images/icon-person.png", "children": [] },{"husband": "Tahmina Siddiqui", "wife": "Towheed", "photo": "images/icon-person.png", "children": [{"husband": "Adel", "wife": "", "photo": "images/icon-person.png", "children": [] },{"husband": "XXXXXX", "wife": "", "photo": "images/icon-person.png", "children": [] }] }] },{"husband": "Mrs. Rizwana Fatima", "wife": "Mr. M.A. Mannan", "photo": "images/icon-person.png", "children": [{"husband": "Mr. Irfan Mannan", "wife": "Mrs.", "photo": "images/icon-person.png", "children": [] },{"husband": "Mr. Imran Mannan", "wife": "Mrs.", "photo": "images/icon-person.png", "children": [] },{"husband": "Mrs. Uzma Mannan", "wife": "Mr.", "photo": "images/icon-person.png", "children": [] },{"husband": "Mrs. Afshan Mannan", "wife": "Mr.", "photo": "images/icon-person.png", "children": [] }] },{"husband": "Mrs. M.A. Waheed Siddiqui", "wife": "", "photo": "images/icon-person.png", "children": [{"husband": "Sami Siddiqui", "wife": "", "photo": "images/icon-person.png", "children": [] }] },{"husband": "Mrs. Rehana Siddiqui", "wife": "Mr. M.A. Habeeb", "photo": "images/icon-person.png", "children": [{"husband": "Mr. M.A. Mujeeb", "wife": "Mrs. Asma", "photo": "images/icon-person.png", "children": [] },{"husband": "Mrs Sofia", "wife": "Mr.", "photo": "images/icon-person.png", "children": [] },{"husband": "Mrs. Sadia", "wife": "Mr.", "photo": "images/icon-person.png", "children": [] }] },{"husband": "Mr. Akhlad", "wife": "", "photo": "images/icon-person.png", "children": [] },{"husband": "Mr. M.A. Basheer Siddiqui", "wife": "Mrs Qudsia", "photo": "images/icon-person.png", "children": [{"husband": "Mrs. Nida Siddiqui", "wife": "", "photo": "images/icon-person.png", "children": [] }] },{"husband": "Mr. M.A. Khabir Siddiqui", "wife": "Mrs. Bushra Siddiqui", "photo": "images/icon-person.png", "children": [{"husband": "XXXXXX", "wife": "", "photo": "images/icon-person.png", "children": [] },{"husband": "XXXXXXXX", "wife": "", "photo": "images/icon-person.png", "children": [] },{"husband": "xxxxxxxxxx", "wife": "", "photo": "images/icon-person.png", "children": [] },{"husband": "XXXXXXXXX", "wife": "", "photo": "images/icon-person.png", "children": [] }] }] }, {"husband": "Mr. Naseeruddin Ahmed", "wife": "Mrs. Shahinsha Begum", "photo": "images/icon-person.png", "children": [{"husband": "Mr.  Baber", "wife": "", "photo": "images/icon-person.png", "children": [{"husband": "XXXXXXX", "wife": "", "photo": "images/icon-person.png", "children": [] },{"husband": "XXXXXXXX", "wife": "", "photo": "images/icon-person.png", "children": [] }] },{"husband": "Mr. Nayyer", "wife": "", "photo": "images/icon-person.png", "children": [{"husband": "XXXXXXXX", "wife": "", "photo": "images/icon-person.png", "children": [] }] },{"husband": "Mr. Sarwar", "wife": "Mrs. Batool", "photo": "images/icon-person.png", "children": [{"husband": "XXXXXXXX", "wife": "", "photo": "images/icon-person.png", "children": [] },{"husband": "XXXXXXXXX", "wife": "", "photo": "images/icon-person.png", "children": [] }] },{"husband": "Mr. Shaher", "wife": "", "photo": "images/icon-person.png", "children": [] }] }, {"husband": "Mrs. Mumtaz Begum", "wife": "Mr. Mumtaz Ali", "photo": "images/icon-person.png", "children": [{"husband": "Mrs. Shaheda Begum", "wife": "", "photo": "images/icon-person.png", "children": [] },{"husband": "Mr. Ashfaq Ahmed", "wife": "", "photo": "images/icon-person.png", "children": [] },{"husband": "Mr. Ushaq Ahmed", "wife": "", "photo": "images/icon-person.png", "children": [] },{"husband": "Mr. Iftekar Ahmed", "wife": "", "photo": "images/icon-person.png", "children": [] }] }, {"husband": "Mr. Habeebuddin Ahmed", "wife": "", "photo": "images/icon-person.png", "children": [{"husband": "Mrs. Nahid", "wife": "", "photo": "images/icon-person.png", "children": [{"husband": "- XXXXXXX", "wife": "", "photo": "images/icon-person.png", "children": [] },{"husband": "- XXXXXXXX", "wife": "", "photo": "images/icon-person.png", "children": [] }] }] }]

      }
   ]
}