
		{
		  "name": "Mr. M. A. Khayum & Mrs. Karimunissa Begum",
		  "title": "-",
		  "photo": "images/icon-person.png",
		  "children": [
			 {"name": "Mr. Nizamuddin Ahmed & Mumanima", "title": " - ", "photo": "images/icon-person.png", "children": [{"name": "Late Rafeeq Ahmed", "title": " - ", "photo": "images/icon-person.png", "children": [] },{"name": "Sabhia Begum& Waheed Siddiqui", "title": " - ", "photo": "images/icon-person.png", "children": [] },{"name": "Amir", "title": " - ", "photo": "images/icon-person.png", "children": [] },{"name": "Athar", "title": " - ", "photo": "images/icon-person.png", "children": [{"name": "Yasmin &", "title": " - ", "photo": "images/icon-person.png", "children": [] }] },{"name": "Laeeq Ahmed & Asma", "title": " - ", "photo": "images/icon-person.png", "children": [{"name": "Yasmin &", "title": " - ", "photo": "images/icon-person.png", "children": [] }] },{"name": "Towfeeq Ahmed & Chanda", "title": " - ", "photo": "images/icon-person.png", "children": [] }] }, {"name": "Khalama & Raza Hussain", "title": " - ", "photo": "images/icon-person.png", "children": [{"name": "Mrs. Razia Begum & Mr. M.A. Qadir", "title": " - ", "photo": "images/icon-person.png", "children": [{"name": "Mrs. Tayabba & Mr. Akhtar", "title": " - ", "photo": "images/icon-person.png", "children": [] },{"name": "Mrs. Surraiya &", "title": " - ", "photo": "images/icon-person.png", "children": [] },{"name": "Mrs. Fowzia &", "title": " - ", "photo": "images/icon-person.png", "children": [] },{"name": "Mrs.", "title": " - ", "photo": "images/icon-person.png", "children": [] },{"name": "Mr. Moinuddin", "title": " - ", "photo": "images/icon-person.png", "children": [] }] },{"name": "Mr.  Akhtar Raza & Mrs. Athar", "title": " - ", "photo": "images/icon-person.png", "children": [{"name": "Mr. Hashim Raza", "title": " - ", "photo": "images/icon-person.png", "children": [] },{"name": "Mr. Asim Raza", "title": " - ", "photo": "images/icon-person.png", "children": [] },{"name": "Mrs. Fareesa", "title": " - ", "photo": "images/icon-person.png", "children": [] }] },{"name": "Mrs. Atiya Begum & Mr. Ikramuddin", "title": " - ", "photo": "images/icon-person.png", "children": [{"name": "Mr. Shoukat", "title": " - ", "photo": "images/icon-person.png", "children": [] },{"name": "Mr. Saadath", "title": " - ", "photo": "images/icon-person.png", "children": [] },{"name": "Mrs. Nazaa", "title": " - ", "photo": "images/icon-person.png", "children": [] },{"name": "Mrs. Husna", "title": " - ", "photo": "images/icon-person.png", "children": [] },{"name": "Mr. Shujath", "title": " - ", "photo": "images/icon-person.png", "children": [] }] },{"name": "Mr.  Hashmath  Raza", "title": " - ", "photo": "images/icon-person.png", "children": [] }] }, {"name": "Mr. Fareeduddin Ahmed and Mrs. Mumanijan", "title": " - ", "photo": "images/icon-person.png", "children": [{"name": "Mr. Fahim Ahmed", "title": " - ", "photo": "images/icon-person.png", "children": [] },{"name": "Mr.", "title": " - ", "photo": "images/icon-person.png", "children": [] },{"name": "Mrs.", "title": " - ", "photo": "images/icon-person.png", "children": [] }] }, {"name": "Mrs.  Fakhrunissa Begum", "title": " - ", "photo": "images/icon-person.png", "children": [{"name": "Mr. Fakhruddin Ahmed", "title": " - ", "photo": "images/icon-person.png", "children": [{"name": "Mrs. Seema Siddiqui & Danish", "title": " - ", "photo": "images/icon-person.png", "children": [{"name": "Dara", "title": " - ", "photo": "images/icon-person.png", "children": [] },{"name": "XXXXX", "title": " - ", "photo": "images/icon-person.png", "children": [] }] }] }] }, {"name": "Mrs. Quaderunissa Begum & Mr. M.A. Khader  Siddiqui", "title": " - ", "photo": "images/icon-person.png", "children": [{"name": "Mr. M.A. Quadeer Siddiqui", "title": " - ", "photo": "images/icon-person.png", "children": [{"name": "Mrs. Norain Siddiqui & Mr. Monte", "title": " - ", "photo": "images/icon-person.png", "children": [] },{"name": "Mr. Umair Siddiqui & Mrs. XXXXX", "title": " - ", "photo": "images/icon-person.png", "children": [] }] },{"name": "Mr. M. A. Hameed Siddiqui", "title": " - ", "photo": "images/icon-person.png", "children": [{"name": "Mr. Ibrahim Siddiqui", "title": " - ", "photo": "images/icon-person.png", "children": [] },{"name": "Mrs. Nuzhath Siddiqui & Michael Gazori", "title": " - ", "photo": "images/icon-person.png", "children": [{"name": "Ilyas Gazori", "title": " - ", "photo": "images/icon-person.png", "children": [] },{"name": "Sofia Gazori", "title": " - ", "photo": "images/icon-person.png", "children": [] }] },{"name": "Mrs. Zehra Siddiqui & Mr. Azeem Bhatti", "title": " - ", "photo": "images/icon-person.png", "children": [{"name": "Yusuf Azeem", "title": " - ", "photo": "images/icon-person.png", "children": [] }] }] },{"name": "Mr. M.A. Baseer Siddiqui", "title": " - ", "photo": "images/icon-person.png", "children": [{"name": "Ishad Siddiqui", "title": " - ", "photo": "images/icon-person.png", "children": [] },{"name": "Tahmina Siddiqui & Towheed", "title": " - ", "photo": "images/icon-person.png", "children": [{"name": "Adel", "title": " - ", "photo": "images/icon-person.png", "children": [] },{"name": "XXXXXX", "title": " - ", "photo": "images/icon-person.png", "children": [] }] }] },{"name": "Mrs. Rizwana Fatima & Mr. M.A. Mannan", "title": " - ", "photo": "images/icon-person.png", "children": [{"name": "Mr. Irfan Mannan & Mrs.", "title": " - ", "photo": "images/icon-person.png", "children": [] },{"name": "Mr. Imran Mannan & Mrs.", "title": " - ", "photo": "images/icon-person.png", "children": [] },{"name": "Mrs. Uzma Mannan & Mr.", "title": " - ", "photo": "images/icon-person.png", "children": [] },{"name": "Mrs. Afshan Mannan &  Mr.", "title": " - ", "photo": "images/icon-person.png", "children": [] }] },{"name": "Mrs. M.A. Waheed Siddiqui", "title": " - ", "photo": "images/icon-person.png", "children": [{"name": "Sami Siddiqui", "title": " - ", "photo": "images/icon-person.png", "children": [] }] },{"name": "Mrs. Rehana Siddiqui & Mr. M.A. Habeeb", "title": " - ", "photo": "images/icon-person.png", "children": [{"name": "Mr. M.A. Mujeeb & Mrs. Asma", "title": " - ", "photo": "images/icon-person.png", "children": [] },{"name": "Mrs Sofia & Mr.", "title": " - ", "photo": "images/icon-person.png", "children": [] },{"name": "Mrs. Sadia & Mr.", "title": " - ", "photo": "images/icon-person.png", "children": [] }] },{"name": "Mr. Akhlad", "title": " - ", "photo": "images/icon-person.png", "children": [] },{"name": "Mr. M.A. Basheer Siddiqui & Mrs Qudsia", "title": " - ", "photo": "images/icon-person.png", "children": [{"name": "Mrs. Nida Siddiqui", "title": " - ", "photo": "images/icon-person.png", "children": [] }] },{"name": "Mr. M.A. Khabir Siddiqui & Mrs. Bushra Siddiqui", "title": " - ", "photo": "images/icon-person.png", "children": [{"name": "XXXXXX", "title": " - ", "photo": "images/icon-person.png", "children": [] },{"name": "XXXXXXXX", "title": " - ", "photo": "images/icon-person.png", "children": [] },{"name": "xxxxxxxxxx", "title": " - ", "photo": "images/icon-person.png", "children": [] },{"name": "XXXXXXXXX", "title": " - ", "photo": "images/icon-person.png", "children": [] }] }] }, {"name": "Mr. Naseeruddin Ahmed & Mrs. Shahinsha Begum", "title": " - ", "photo": "images/icon-person.png", "children": [{"name": "Mr.  Baber", "title": " - ", "photo": "images/icon-person.png", "children": [{"name": "XXXXXXX", "title": " - ", "photo": "images/icon-person.png", "children": [] },{"name": "XXXXXXXX", "title": " - ", "photo": "images/icon-person.png", "children": [] }] },{"name": "Mr. Nayyer", "title": " - ", "photo": "images/icon-person.png", "children": [{"name": "XXXXXXXX", "title": " - ", "photo": "images/icon-person.png", "children": [] }] },{"name": "Mr. Sarwar &  Mrs. Batool", "title": " - ", "photo": "images/icon-person.png", "children": [{"name": "XXXXXXXX", "title": " - ", "photo": "images/icon-person.png", "children": [] },{"name": "XXXXXXXXX", "title": " - ", "photo": "images/icon-person.png", "children": [] }] },{"name": "Mr. Shaher", "title": " - ", "photo": "images/icon-person.png", "children": [] }] }, {"name": "Mrs. Mumtaz Begum & Mr. Mumtaz Ali", "title": " - ", "photo": "images/icon-person.png", "children": [{"name": "Mrs. Shaheda Begum", "title": " - ", "photo": "images/icon-person.png", "children": [] },{"name": "Mr. Ashfaq Ahmed", "title": " - ", "photo": "images/icon-person.png", "children": [] },{"name": "Mr. Ushaq Ahmed", "title": " - ", "photo": "images/icon-person.png", "children": [] },{"name": "Mr. Iftekar Ahmed", "title": " - ", "photo": "images/icon-person.png", "children": [] }] }, {"name": "Mr. Habeebuddin Ahmed", "title": " - ", "photo": "images/icon-person.png", "children": [{"name": "Mrs. Nahid", "title": " - ", "photo": "images/icon-person.png", "children": [{"name": "- XXXXXXX", "title": " - ", "photo": "images/icon-person.png", "children": [] },{"name": "- XXXXXXXX", "title": " - ", "photo": "images/icon-person.png", "children": [] }] }] }
		  ]
		}